{"loss": [1.6284076136398316, 1.15101533039093, 0.9764974275970459, 0.8689234203338623, 0.7922689525222778, 0.7366045308685303, 0.6865070288848877, 0.6303326063537598, 0.5968392116928101, 0.5592012744903564, 0.534630132522583, 0.5035652696800232, 0.4699382865142822, 0.44665571962356565, 0.4162283299398422, 0.4054730010461807, 0.40618525314331055, 0.3720030316352844, 0.35071573426246644, 0.33109773132324216, 0.32444463686943054, 0.307580151052475, 0.29516125227928164, 0.2862153313446045, 0.2701340741252899, 0.259692026720047, 0.2510884165906906, 0.24452302503824233, 0.2350437544631958, 0.23244805947780608, 0.2238862978363037, 0.2082612104034424, 0.2044921930408478, 0.19895330996990204, 0.19151368601799013, 0.19122150958538056, 0.18885459918498992, 0.18295658682346344, 0.1850025706386566, 0.17626337146759033, 0.16791074676036835, 0.16370628911495208, 0.1579887343454361, 0.15271802619934083, 0.15561716713428497, 0.14963283992528914, 0.14697268387556076, 0.14457481739997863, 0.14373656444430352, 0.1412369697725773, 0.13839351498484612, 0.12906335745096206, 0.13613739909172057, 0.12490272862434387, 0.1265726652753353, 0.12742452034950255, 0.126917174885273, 0.12156150796890258, 0.12360874971389771, 0.1190608180308342, 0.12490914778590202, 0.11627107700347901, 0.11265788316130639, 0.11231452953696251, 0.11338293222904205, 0.10952556638717652, 0.10677876317501069, 0.1058876168704033, 0.10416615455627441, 0.10585959182977676, 0.10160060692548752, 0.10087934301257133, 0.0988927971380949, 0.0970096326482296, 0.10005693162560463, 0.09239759858042002, 0.09774853016376496, 0.09570603758186103, 0.09335946185886859, 0.09034820997297764, 0.08681541977703572, 0.08925761786639691, 0.0878158870458603, 0.08914828578472138, 0.09237988145977259, 0.08747857242643833, 0.08636816547453403, 0.08395909411162138, 0.08299375294566154, 0.08363668933570385, 0.08322589564025402, 0.08213480952709913, 0.08028555098891259, 0.07674434928953648, 0.08068712723717093, 0.0814376712179184, 0.07969066342830658, 0.08008281241804362, 0.07604651990324258, 0.07533415378838777], "accuracy": [0.45688000321388245, 0.6025199890136719, 0.6613199710845947, 0.6995400190353394, 0.7239999771118164, 0.743340015411377, 0.7597600221633911, 0.7788000106811523, 0.7878199815750122, 0.8030800223350525, 0.8113999962806702, 0.8214399814605713, 0.8330199718475342, 0.8410199880599976, 0.8512600064277649, 0.8553799986839294, 0.8556200265884399, 0.8662999868392944, 0.8748000264167786, 0.8808599710464478, 0.8841400146484375, 0.8892800211906433, 0.8954200148582458, 0.8966599702835083, 0.9056199789047241, 0.9068599939346313, 0.9097800254821777, 0.9135199785232544, 0.9162399768829346, 0.9179400205612183, 0.9198799729347229, 0.9258999824523926, 0.927619993686676, 0.9302600026130676, 0.9319599866867065, 0.9325600266456604, 0.9313399791717529, 0.9350000023841858, 0.934440016746521, 0.9366400241851807, 0.9407200217247009, 0.9409000277519226, 0.9432399868965149, 0.945580005645752, 0.9434800148010254, 0.946619987487793, 0.9469199776649475, 0.9485200047492981, 0.9484599828720093, 0.950659990310669, 0.9508600234985352, 0.9549000263214111, 0.9520400166511536, 0.9559199810028076, 0.9552599787712097, 0.9550399780273438, 0.9542800188064575, 0.956820011138916, 0.956279993057251, 0.9577000141143799, 0.9567999839782715, 0.958840012550354, 0.9605399966239929, 0.9601399898529053, 0.9602000117301941, 0.9613000154495239, 0.9621400237083435, 0.9624199867248535, 0.9631400108337402, 0.9629999995231628, 0.9645000100135803, 0.9650800228118896, 0.9651399850845337, 0.9660999774932861, 0.9649999737739563, 0.9672799706459045, 0.9655600190162659, 0.9661200046539307, 0.9678000211715698, 0.9680200219154358, 0.9696599841117859, 0.9684600234031677, 0.9699199795722961, 0.9684399962425232, 0.9679200053215027, 0.9701200127601624, 0.969760000705719, 0.9711599946022034, 0.97079998254776, 0.9708799719810486, 0.9709799885749817, 0.972000002861023, 0.9714000225067139, 0.9732800126075745, 0.9717199802398682, 0.9710400104522705, 0.9723600149154663, 0.9714800119400024, 0.9729800224304199, 0.9736599922180176], "val_loss": [1.1989938442230224, 0.9828949104309082, 0.8464163210868836, 0.7844099258422852, 0.7760123157501221, 0.7256166863441468, 0.6500625844001771, 0.628799621105194, 0.633740769958496, 0.6710709178924561, 0.6483526861190796, 0.5819052947044373, 0.5648732407569885, 0.5838666596412658, 0.588931476020813, 0.7914152278900146, 0.5534742303848267, 0.5425997999191284, 0.578458969783783, 0.5568400957107544, 0.5889966240882873, 0.5786674639701843, 0.6164258625984191, 0.5518917649269104, 0.5597221513748168, 0.573234783744812, 0.5928147387504578, 0.6435182683944702, 0.604605209827423, 0.5895112379074097, 0.5813786172866822, 0.599960373878479, 0.5870154023170471, 0.5983418933868409, 0.6051405591964721, 0.5875003836631775, 0.6745236856460571, 0.6148374847412109, 0.6090379309654236, 0.5811649385452271, 0.6102641090393066, 0.6135128547668457, 0.5765114926338196, 0.6121261054992676, 0.6182641426086426, 0.6133471669197083, 0.6240403479576111, 0.5855164496421814, 0.6428721934318542, 0.6743682119369507, 0.6603383847236634, 0.6096437952995301, 0.6046956823348999, 0.610952592086792, 0.6155658980369568, 0.6075834264755249, 0.6160743515014648, 0.6210292321205139, 0.6697417016029358, 0.6882028990745545, 0.6410485640525818, 0.6407645280838012, 0.6667323354244232, 0.6432973601341248, 0.6240770177841186, 0.6590425734519958, 0.6757625326156617, 0.6223460969924927, 0.6199149592399598, 0.6458962146282196, 0.648968846321106, 0.7245236166000366, 0.6284549113273621, 0.6541176795959472, 0.6154514894485473, 0.6627070749282837, 0.6412550800323487, 0.6475732857704163, 0.6460083373069763, 0.6855041500091553, 0.6503902636528015, 0.6513894276618958, 0.6820696899414063, 0.7301330992698669, 0.6705720664024353, 0.6546762845993042, 0.63625571641922, 0.6555641431808472, 0.6564724417686463, 0.6710788953781128, 0.7100598168373108, 0.682806531238556, 0.6603199544906616, 0.731583452129364, 0.6666671396255494, 0.6938811268806457, 0.6738412614822388, 0.6998009467124939, 0.6924310207366944, 0.6653243059158325],