{"R": 125.01683935852051, "G": 115.95026827087402, "B": 106.0480175567627}